{"@class":"Light","id":{"uuid":"767218CD-2847-4AFA-AC3E-5F1252179DA9"},"lightType":"point","color":{"values":[0.1568627506494522,0.18431372940540315,0.8470588326454163]},"intensity":1.0,"radius":5.0,"coneAngle":45.0,"prenumbra":1.0,"shadowType":"no","shadowSizeX":16.0,"shadowSizeY":16.0,"shadowResolutionX":1024.0,"shadowResolutionY":1024.0,"shadowDarkness":1.0,"shadowBias":0.5}