{"@class":"Light","id":{"uuid":"FBB93A9D-248C-4E05-BF7D-31351398BD19"},"lightType":"spot","color":{"values":[0.8274509906768799,0.1764705926179886,0.1764705926179886]},"intensity":10.0,"radius":7.0,"coneAngle":120.0,"prenumbra":1.0,"shadowType":"pcf","shadowSizeX":16.0,"shadowSizeY":16.0,"shadowResolutionX":1024.0,"shadowResolutionY":1024.0,"shadowDarkness":1.0,"shadowBias":0.5}