{"@class":"AudioSource","id":{"uuid":"4DA5F91D-3E66-40F8-B0E5-F3F7D09D8E4A"},"volume":1.0,"volumeModulation":1.0,"pitch":1.0,"pitchModulation":1.0,"minDistance":11.439194679260254,"maxDistance":12.666149139404297,"rollof":1,"panOverride":true}