{"@class":"AudioSource","id":{"uuid":"54C87271-9A0F-4554-921E-573C9361DA6E"},"volume":1.0,"volumeModulation":1.0,"pitch":1.0,"pitchModulation":1.0,"minDistance":8.124579429626465,"maxDistance":9.780029296875,"rollof":1,"panOverride":true}